epoch,time,train/box_loss,train/cls_loss,train/dfl_loss,metrics/precision(B),metrics/recall(B),metrics/mAP50(B),metrics/mAP50-95(B),val/box_loss,val/cls_loss,val/dfl_loss,lr/pg0,lr/pg1,lr/pg2
1,15.6154,3.49841,9.43495,4.26204,0,0,0,0,3.69948,4.57802,4.14622,0.000252061,0.000252061,0.000252061
2,28.548,3.34806,7.65392,4.14349,0,0,0,0,3.63682,4.5756,4.11397,0.000503361,0.000503361,0.000503361
